{"cameraMode":{"drawMode":0,"name":"Shaded","section":"Shading Mode"},"sceneLighting":true,"audioPlay":false,"sceneViewState":{"m_AlwaysRefresh":false,"showFog":true,"showSkybox":true,"showFlares":true,"showImageEffects":true,"showParticleSystems":true,"showVisualEffectGraphs":true,"m_FxEnabled":true},"in2DMode":false,"pivot":{"x":-2.2767438888549806,"y":6.935392379760742,"z":-10.135406494140625},"rotation":{"x":0.11478893458843231,"y":-0.7032077312469482,"z":0.1166541650891304,"w":0.6919024586677551},"size":124.97467041015625,"orthographic":true}